scenario,classifier,batch_balance,normalization,split,error_mean,error_sd,error_min,error_max,n_runs
jama_scenario1_3,knn,True,mn,50,0.12148962148962146,0.029380242772932757,0.0934065934065934,0.152014652014652,3
jama_scenario1_3,knn,True,mn,70,0.12759462759462734,0.00921835706382251,0.119047619047619,0.137362637362637,3
jama_scenario1_3,knn,True,mn,80,0.13516819571865432,0.010105634031717629,0.128440366972477,0.146788990825688,3
jama_scenario1_3,knn,True,mn,90,0.17887667887667869,0.025728092192558425,0.152014652014652,0.203296703296703,3
jama_scenario1_3,knn,True,mn,100,0.39266055045871534,0.06833476862215102,0.352293577981651,0.471559633027523,3
jama_scenario1_3,knn,True,non,50,0.13064713064713065,0.020257216145344262,0.111721611721612,0.152014652014652,3
jama_scenario1_3,knn,True,non,70,0.13492063492063466,0.011631598829827543,0.128205128205128,0.148351648351648,3
jama_scenario1_3,knn,True,non,80,0.14801223241590233,0.023305882426003115,0.121100917431193,0.161467889908257,3
jama_scenario1_3,knn,True,non,90,0.17338217338217332,0.02390326245476443,0.148351648351648,0.195970695970696,3
jama_scenario1_3,knn,True,non,100,0.2042813455657493,0.013017612632288966,0.192660550458716,0.218348623853211,3
jama_scenario1_3,knn,True,qn,50,0.11782661782661796,0.025267646015354226,0.0989010989010989,0.146520146520147,3
jama_scenario1_3,knn,True,qn,70,0.134920634920635,0.005595330518871571,0.13003663003663,0.141025641025641,3
jama_scenario1_3,knn,True,qn,80,0.13700305810397567,0.005898257346173307,0.130275229357798,0.141284403669725,3
jama_scenario1_3,knn,True,qn,90,0.178876678876679,0.021384957128372285,0.155677655677656,0.197802197802198,3
jama_scenario1_3,knn,True,qn,100,0.387767584097859,0.06303849465373663,0.35045871559633,0.460550458715596,3
jama_scenario1_3,knn,True,vsn,50,0.11477411477411503,0.02605200035818306,0.0970695970695971,0.144688644688645,3
jama_scenario1_3,knn,True,vsn,70,0.13003663003663032,0.007983331398426295,0.120879120879121,0.135531135531136,3
jama_scenario1_3,knn,True,vsn,80,0.13761467889908266,0.004854589561586711,0.132110091743119,0.141284403669725,3
jama_scenario1_3,knn,True,vsn,90,0.17948717948717932,0.014991488593172843,0.163003663003663,0.192307692307692,3
jama_scenario1_3,knn,True,vsn,100,0.42079510703363904,0.06626707391208224,0.379816513761468,0.497247706422018,3
jama_scenario1_3,lasso,True,mn,50,0.111111111111111,0.011631598829828121,0.104395604395604,0.124542124542125,3
jama_scenario1_3,lasso,True,mn,70,0.11111111111111134,0.008258699180994068,0.102564102564103,0.119047619047619,3
jama_scenario1_3,lasso,True,mn,80,0.13333333333333333,0.02609980219370264,0.115596330275229,0.163302752293578,3
jama_scenario1_3,lasso,True,mn,90,0.14835164835164835,0.022875450543583916,0.13003663003663,0.173992673992674,3
jama_scenario1_3,lasso,True,mn,100,0.22018348623853198,0.03318007581656003,0.188990825688073,0.255045871559633,3
jama_scenario1_3,lasso,True,non,50,0.10989010989010967,0.009516762678950179,0.104395604395604,0.120879120879121,3
jama_scenario1_3,lasso,True,non,70,0.10012210012210014,0.006432023048139558,0.0934065934065934,0.106227106227106,3
jama_scenario1_3,lasso,True,non,80,0.124770642201835,0.018348623853210996,0.106422018348624,0.143119266055046,3
jama_scenario1_3,lasso,True,non,90,0.13553113553113535,0.02112190951404894,0.119047619047619,0.159340659340659,3
jama_scenario1_3,lasso,True,non,100,0.1951070336391437,0.015388068043314208,0.185321100917431,0.212844036697248,3
jama_scenario1_3,lasso,True,qn,50,0.11904761904761903,0.019033525357899705,0.0970695970695971,0.13003663003663,3
jama_scenario1_3,lasso,True,qn,70,0.133699633699634,0.019121440492510192,0.111721611721612,0.146520146520147,3
jama_scenario1_3,lasso,True,qn,80,0.146788990825688,0.02952931548519501,0.115596330275229,0.174311926605505,3
jama_scenario1_3,lasso,True,qn,90,0.184981684981685,0.03898131255273399,0.15018315018315,0.227106227106227,3
jama_scenario1_3,lasso,True,qn,100,0.24403669724770635,0.03818101292969712,0.220183486238532,0.288073394495413,3
jama_scenario1_3,lasso,True,vsn,50,0.11355311355311366,0.014537095115739328,0.102564102564103,0.13003663003663,3
jama_scenario1_3,lasso,True,vsn,70,0.11477411477411466,0.0046091785319112176,0.10989010989011,0.119047619047619,3
jama_scenario1_3,lasso,True,vsn,80,0.14678899082568833,0.03853211009174329,0.119266055045872,0.190825688073395,3
jama_scenario1_3,lasso,True,vsn,90,0.18559218559218568,0.04476264415097233,0.146520146520147,0.234432234432234,3
jama_scenario1_3,lasso,True,vsn,100,0.28012232415902166,0.10588814735512912,0.209174311926606,0.401834862385321,3
jama_scenario1_3,pam,True,mn,50,0.17460317460317465,0.019062875452986634,0.159340659340659,0.195970695970696,3
jama_scenario1_3,pam,True,mn,70,0.18620268620268635,0.01731067994964316,0.166666666666667,0.1996336996337,3
jama_scenario1_3,pam,True,mn,80,0.177981651376147,0.02883712595504914,0.144954128440367,0.198165137614679,3
jama_scenario1_3,pam,True,mn,90,0.22039072039072036,0.01557674093061418,0.205128205128205,0.236263736263736,3
jama_scenario1_3,pam,True,mn,100,0.256880733944954,0.03486238532110103,0.222018348623853,0.291743119266055,3
jama_scenario1_3,pam,True,non,50,0.20451770451770435,0.010087125544479974,0.194139194139194,0.214285714285714,3
jama_scenario1_3,pam,True,non,70,0.1959706959706957,0.0048456983719130315,0.192307692307692,0.201465201465201,3
jama_scenario1_3,pam,True,non,80,0.196941896024465,0.005605597180373806,0.190825688073395,0.201834862385321,3
jama_scenario1_3,pam,True,non,90,0.25030525030525,0.091103793318632,0.192307692307692,0.355311355311355,3
jama_scenario1_3,pam,True,non,100,0.33761467889908264,0.13189329816496867,0.185321100917431,0.414678899082569,3
jama_scenario1_3,pam,True,qn,50,0.181318681318681,0.01903352535789978,0.159340659340659,0.192307692307692,3
jama_scenario1_3,pam,True,qn,70,0.19230769230769199,0.017471413945365184,0.172161172161172,0.203296703296703,3
jama_scenario1_3,pam,True,qn,80,0.19204892966360831,0.020459606952511006,0.168807339449541,0.207339449541284,3
jama_scenario1_3,pam,True,qn,90,0.21428571428571433,0.03059211188368121,0.186813186813187,0.247252747252747,3
jama_scenario1_3,pam,True,qn,100,0.23180428134556566,0.04087805458472627,0.205504587155963,0.278899082568807,3
jama_scenario1_3,pam,True,vsn,50,0.17826617826617833,0.020174251088959903,0.157509157509158,0.197802197802198,3
jama_scenario1_3,pam,True,vsn,70,0.1947496947496943,0.013249410509286214,0.179487179487179,0.203296703296703,3
jama_scenario1_3,pam,True,vsn,80,0.19327217125382268,0.017048758244362118,0.174311926605505,0.207339449541284,3
jama_scenario1_3,pam,True,vsn,90,0.22710622710622733,0.03846153846153851,0.188644688644689,0.265567765567766,3
jama_scenario1_3,pam,True,vsn,100,0.26299694189602435,0.03876440826297443,0.222018348623853,0.299082568807339,3
jama_scenario1_3,rf,True,mn,50,0.11782661782661767,0.01870763546525589,0.104395604395604,0.139194139194139,3
jama_scenario1_3,rf,True,mn,70,0.134920634920635,0.002797665259435623,0.131868131868132,0.137362637362637,3
jama_scenario1_3,rf,True,mn,80,0.14373088685015267,0.02337799982093735,0.128440366972477,0.170642201834862,3
jama_scenario1_3,rf,True,mn,90,0.16239316239316234,0.02289987708609418,0.139194139194139,0.184981684981685,3
jama_scenario1_3,rf,True,mn,100,0.283792048929664,0.03389946534691369,0.264220183486239,0.322935779816514,3
jama_scenario1_3,rf,True,non,50,0.13431013431013467,0.016918689207021817,0.124542124542125,0.153846153846154,3
jama_scenario1_3,rf,True,non,70,0.12515262515262535,0.008258699180994549,0.117216117216117,0.133699633699634,3
jama_scenario1_3,rf,True,non,80,0.140672782874618,0.01847054296090701,0.121100917431193,0.157798165137615,3
jama_scenario1_3,rf,True,non,90,0.1691086691086693,0.01778852537769665,0.153846153846154,0.188644688644689,3
jama_scenario1_3,rf,True,non,100,0.19327217125382265,0.017821164873802513,0.177981651376147,0.212844036697248,3
jama_scenario1_3,rf,True,qn,50,0.128815628815629,0.020585732967140002,0.106227106227106,0.146520146520147,3
jama_scenario1_3,rf,True,qn,70,0.128205128205128,0.0018315018315019915,0.126373626373626,0.13003663003663,3
jama_scenario1_3,rf,True,qn,80,0.14740061162079499,0.013524981276756158,0.132110091743119,0.157798165137615,3
jama_scenario1_3,rf,True,qn,90,0.17338217338217332,0.01557674093061397,0.155677655677656,0.184981684981685,3
jama_scenario1_3,rf,True,qn,100,0.28073394495412834,0.03973652812423445,0.256880733944954,0.326605504587156,3
jama_scenario1_3,rf,True,vsn,50,0.125152625152625,0.012194740143735125,0.117216117216117,0.139194139194139,3
jama_scenario1_3,rf,True,vsn,70,0.14285714285714268,0.018587713489180077,0.126373626373626,0.163003663003663,3
jama_scenario1_3,rf,True,vsn,80,0.15840978593272168,0.00867122133257368,0.148623853211009,0.165137614678899,3
jama_scenario1_3,rf,True,vsn,90,0.19719169719169702,0.013249410509285891,0.188644688644689,0.212454212454212,3
jama_scenario1_3,rf,True,vsn,100,0.273394495412844,0.0354370787446385,0.242201834862385,0.311926605504587,3
jama_scenario1_3,svm,True,mn,50,0.09890109890109904,0.022505871295686188,0.0824175824175824,0.124542124542125,3
jama_scenario1_3,svm,True,mn,70,0.10744810744810766,0.004609178531911217,0.102564102564103,0.111721611721612,3
jama_scenario1_3,svm,True,mn,80,0.11743119266055034,0.012844036697247563,0.108256880733945,0.132110091743119,3
jama_scenario1_3,svm,True,mn,90,0.155067155067155,0.015250300362389122,0.142857142857143,0.172161172161172,3
jama_scenario1_3,svm,True,mn,100,0.26238532110091733,0.05732293340114982,0.225688073394495,0.328440366972477,3
jama_scenario1_3,svm,True,non,50,0.16117216117216102,0.017662364031122552,0.148351648351648,0.181318681318681,3
jama_scenario1_3,svm,True,non,70,0.15140415140415134,0.006933954024175869,0.146520146520147,0.159340659340659,3
jama_scenario1_3,svm,True,non,80,0.15657492354740066,0.01704875824436273,0.144954128440367,0.176146788990826,3
jama_scenario1_3,svm,True,non,90,0.16666666666666666,0.01981072129375792,0.144688644688645,0.183150183150183,3
jama_scenario1_3,svm,True,non,100,0.19449541284403668,0.015995959425837616,0.18348623853211,0.212844036697248,3
jama_scenario1_3,svm,True,qn,50,0.11599511599511607,0.031314575343668216,0.0952380952380952,0.152014652014652,3
jama_scenario1_3,svm,True,qn,70,0.11660561660561668,0.009398537434884714,0.106227106227106,0.124542124542125,3
jama_scenario1_3,svm,True,qn,80,0.12721712538226268,0.01043346917995838,0.115596330275229,0.135779816513761,3
jama_scenario1_3,svm,True,qn,90,0.16361416361416367,0.013867908048351871,0.153846153846154,0.179487179487179,3
jama_scenario1_3,svm,True,qn,100,0.2795107033639143,0.027482130811817742,0.256880733944954,0.310091743119266,3
jama_scenario1_3,svm,True,vsn,50,0.10561660561660559,0.03071976953701861,0.0860805860805861,0.141025641025641,3
jama_scenario1_3,svm,True,vsn,70,0.11660561660561668,0.012466775248267115,0.102564102564103,0.126373626373626,3
jama_scenario1_3,svm,True,vsn,80,0.12599388379204898,0.005605597180373798,0.121100917431193,0.132110091743119,3
jama_scenario1_3,svm,True,vsn,90,0.16056166056166066,0.013746434980705127,0.146520146520147,0.173992673992674,3
jama_scenario1_3,svm,True,vsn,100,0.2501529051987767,0.011938361648894726,0.238532110091743,0.262385321100917,3
jama_scenario1_3,xgb,True,mn,50,0.11660561660561668,0.006432023048139714,0.10989010989011,0.122710622710623,3
jama_scenario1_3,xgb,True,mn,70,0.11477411477411466,0.0010574180754383995,0.113553113553114,0.115384615384615,3
jama_scenario1_3,xgb,True,mn,80,0.13700305810397564,0.010593582920910559,0.124770642201835,0.143119266055046,3
jama_scenario1_3,xgb,True,mn,90,0.18315018315018297,0.03391988860339231,0.148351648351648,0.216117216117216,3
jama_scenario1_3,xgb,True,mn,100,0.26544342507645263,0.010751312435013411,0.253211009174312,0.273394495412844,3
jama_scenario1_3,xgb,True,non,50,0.1129426129426131,0.025267646015354025,0.0842490842490843,0.131868131868132,3
jama_scenario1_3,xgb,True,non,70,0.12148962148962167,0.013988326297179306,0.106227106227106,0.133699633699634,3
jama_scenario1_3,xgb,True,non,80,0.13577981651376167,0.013231380827390614,0.121100917431193,0.146788990825688,3
jama_scenario1_3,xgb,True,non,90,0.16178266178266199,0.02418229831543117,0.135531135531136,0.183150183150183,3
jama_scenario1_3,xgb,True,non,100,0.19143730886850166,0.017821164873802513,0.176146788990826,0.211009174311927,3
jama_scenario1_3,xgb,True,qn,50,0.11416361416361408,0.022605016583117886,0.0952380952380952,0.139194139194139,3
jama_scenario1_3,xgb,True,qn,70,0.11965811965811966,0.012993770850911546,0.108058608058608,0.133699633699634,3
jama_scenario1_3,xgb,True,qn,80,0.12844036697247732,0.027705814441360548,0.102752293577982,0.157798165137615,3
jama_scenario1_3,xgb,True,qn,90,0.18070818070818065,0.020174251088959632,0.157509157509158,0.194139194139194,3
jama_scenario1_3,xgb,True,qn,100,0.28073394495412834,0.0018348623853215035,0.278899082568807,0.28256880733945,3
jama_scenario1_3,xgb,True,vsn,50,0.12820512820512833,0.013207147529172224,0.117216117216117,0.142857142857143,3
jama_scenario1_3,xgb,True,vsn,70,0.12698412698412734,0.014803853056144088,0.113553113553114,0.142857142857143,3
jama_scenario1_3,xgb,True,vsn,80,0.13883792048929666,0.014252208192942943,0.122935779816514,0.15045871559633,3
jama_scenario1_3,xgb,True,vsn,90,0.18009768009768035,0.005887454677040853,0.175824175824176,0.186813186813187,3
jama_scenario1_3,xgb,True,vsn,100,0.253822629969419,0.045699984937547844,0.223853211009174,0.306422018348624,3
