scenario,classifier,batch_balance,normalization,repeat_id,split,error
jama_scenario1_3,knn,True,mn,1,50,0.119047619047619
jama_scenario1_3,knn,True,non,1,50,0.111721611721612
jama_scenario1_3,knn,True,qn,1,50,0.108058608058608
jama_scenario1_3,knn,True,vsn,1,50,0.102564102564103
jama_scenario1_3,knn,True,mn,2,50,0.152014652014652
jama_scenario1_3,knn,True,non,2,50,0.152014652014652
jama_scenario1_3,knn,True,qn,2,50,0.146520146520147
jama_scenario1_3,knn,True,vsn,2,50,0.144688644688645
jama_scenario1_3,knn,True,mn,3,50,0.0934065934065934
jama_scenario1_3,knn,True,non,3,50,0.128205128205128
jama_scenario1_3,knn,True,qn,3,50,0.0989010989010989
jama_scenario1_3,knn,True,vsn,3,50,0.0970695970695971
jama_scenario1_3,knn,True,mn,1,70,0.137362637362637
jama_scenario1_3,knn,True,non,1,70,0.148351648351648
jama_scenario1_3,knn,True,qn,1,70,0.141025641025641
jama_scenario1_3,knn,True,vsn,1,70,0.135531135531136
jama_scenario1_3,knn,True,mn,2,70,0.126373626373626
jama_scenario1_3,knn,True,non,2,70,0.128205128205128
jama_scenario1_3,knn,True,qn,2,70,0.13003663003663
jama_scenario1_3,knn,True,vsn,2,70,0.133699633699634
jama_scenario1_3,knn,True,mn,3,70,0.119047619047619
jama_scenario1_3,knn,True,non,3,70,0.128205128205128
jama_scenario1_3,knn,True,qn,3,70,0.133699633699634
jama_scenario1_3,knn,True,vsn,3,70,0.120879120879121
jama_scenario1_3,knn,True,mn,1,80,0.146788990825688
jama_scenario1_3,knn,True,non,1,80,0.161467889908257
jama_scenario1_3,knn,True,qn,1,80,0.141284403669725
jama_scenario1_3,knn,True,vsn,1,80,0.141284403669725
jama_scenario1_3,knn,True,mn,2,80,0.130275229357798
jama_scenario1_3,knn,True,non,2,80,0.121100917431193
jama_scenario1_3,knn,True,qn,2,80,0.130275229357798
jama_scenario1_3,knn,True,vsn,2,80,0.132110091743119
jama_scenario1_3,knn,True,mn,3,80,0.128440366972477
jama_scenario1_3,knn,True,non,3,80,0.161467889908257
jama_scenario1_3,knn,True,qn,3,80,0.139449541284404
jama_scenario1_3,knn,True,vsn,3,80,0.139449541284404
jama_scenario1_3,knn,True,mn,1,90,0.203296703296703
jama_scenario1_3,knn,True,non,1,90,0.195970695970696
jama_scenario1_3,knn,True,qn,1,90,0.197802197802198
jama_scenario1_3,knn,True,vsn,1,90,0.192307692307692
jama_scenario1_3,knn,True,mn,2,90,0.152014652014652
jama_scenario1_3,knn,True,non,2,90,0.148351648351648
jama_scenario1_3,knn,True,qn,2,90,0.155677655677656
jama_scenario1_3,knn,True,vsn,2,90,0.163003663003663
jama_scenario1_3,knn,True,mn,3,90,0.181318681318681
jama_scenario1_3,knn,True,non,3,90,0.175824175824176
jama_scenario1_3,knn,True,qn,3,90,0.183150183150183
jama_scenario1_3,knn,True,vsn,3,90,0.183150183150183
jama_scenario1_3,knn,True,mn,1,100,0.354128440366972
jama_scenario1_3,knn,True,non,1,100,0.218348623853211
jama_scenario1_3,knn,True,qn,1,100,0.352293577981651
jama_scenario1_3,knn,True,vsn,1,100,0.385321100917431
jama_scenario1_3,knn,True,mn,2,100,0.352293577981651
jama_scenario1_3,knn,True,non,2,100,0.192660550458716
jama_scenario1_3,knn,True,qn,2,100,0.35045871559633
jama_scenario1_3,knn,True,vsn,2,100,0.379816513761468
jama_scenario1_3,knn,True,mn,3,100,0.471559633027523
jama_scenario1_3,knn,True,non,3,100,0.201834862385321
jama_scenario1_3,knn,True,qn,3,100,0.460550458715596
jama_scenario1_3,knn,True,vsn,3,100,0.497247706422018
jama_scenario1_3,lasso,True,mn,1,50,0.104395604395604
jama_scenario1_3,lasso,True,non,1,50,0.104395604395604
jama_scenario1_3,lasso,True,qn,1,50,0.13003663003663
jama_scenario1_3,lasso,True,vsn,1,50,0.102564102564103
jama_scenario1_3,lasso,True,mn,2,50,0.124542124542125
jama_scenario1_3,lasso,True,non,2,50,0.120879120879121
jama_scenario1_3,lasso,True,qn,2,50,0.13003663003663
jama_scenario1_3,lasso,True,vsn,2,50,0.13003663003663
jama_scenario1_3,lasso,True,mn,3,50,0.104395604395604
jama_scenario1_3,lasso,True,non,3,50,0.104395604395604
jama_scenario1_3,lasso,True,qn,3,50,0.0970695970695971
jama_scenario1_3,lasso,True,vsn,3,50,0.108058608058608
jama_scenario1_3,lasso,True,mn,1,70,0.119047619047619
jama_scenario1_3,lasso,True,non,1,70,0.106227106227106
jama_scenario1_3,lasso,True,qn,1,70,0.146520146520147
jama_scenario1_3,lasso,True,vsn,1,70,0.115384615384615
jama_scenario1_3,lasso,True,mn,2,70,0.102564102564103
jama_scenario1_3,lasso,True,non,2,70,0.0934065934065934
jama_scenario1_3,lasso,True,qn,2,70,0.111721611721612
jama_scenario1_3,lasso,True,vsn,2,70,0.10989010989011
jama_scenario1_3,lasso,True,mn,3,70,0.111721611721612
jama_scenario1_3,lasso,True,non,3,70,0.100732600732601
jama_scenario1_3,lasso,True,qn,3,70,0.142857142857143
jama_scenario1_3,lasso,True,vsn,3,70,0.119047619047619
jama_scenario1_3,lasso,True,mn,1,80,0.121100917431193
jama_scenario1_3,lasso,True,non,1,80,0.124770642201835
jama_scenario1_3,lasso,True,qn,1,80,0.15045871559633
jama_scenario1_3,lasso,True,vsn,1,80,0.130275229357798
jama_scenario1_3,lasso,True,mn,2,80,0.115596330275229
jama_scenario1_3,lasso,True,non,2,80,0.106422018348624
jama_scenario1_3,lasso,True,qn,2,80,0.115596330275229
jama_scenario1_3,lasso,True,vsn,2,80,0.119266055045872
jama_scenario1_3,lasso,True,mn,3,80,0.163302752293578
jama_scenario1_3,lasso,True,non,3,80,0.143119266055046
jama_scenario1_3,lasso,True,qn,3,80,0.174311926605505
jama_scenario1_3,lasso,True,vsn,3,80,0.190825688073395
jama_scenario1_3,lasso,True,mn,1,90,0.141025641025641
jama_scenario1_3,lasso,True,non,1,90,0.119047619047619
jama_scenario1_3,lasso,True,qn,1,90,0.177655677655678
jama_scenario1_3,lasso,True,vsn,1,90,0.175824175824176
jama_scenario1_3,lasso,True,mn,2,90,0.13003663003663
jama_scenario1_3,lasso,True,non,2,90,0.128205128205128
jama_scenario1_3,lasso,True,qn,2,90,0.15018315018315
jama_scenario1_3,lasso,True,vsn,2,90,0.146520146520147
jama_scenario1_3,lasso,True,mn,3,90,0.173992673992674
jama_scenario1_3,lasso,True,non,3,90,0.159340659340659
jama_scenario1_3,lasso,True,qn,3,90,0.227106227106227
jama_scenario1_3,lasso,True,vsn,3,90,0.234432234432234
jama_scenario1_3,lasso,True,mn,1,100,0.21651376146789
jama_scenario1_3,lasso,True,non,1,100,0.212844036697248
jama_scenario1_3,lasso,True,qn,1,100,0.223853211009174
jama_scenario1_3,lasso,True,vsn,1,100,0.229357798165138
jama_scenario1_3,lasso,True,mn,2,100,0.188990825688073
jama_scenario1_3,lasso,True,non,2,100,0.185321100917431
jama_scenario1_3,lasso,True,qn,2,100,0.220183486238532
jama_scenario1_3,lasso,True,vsn,2,100,0.209174311926606
jama_scenario1_3,lasso,True,mn,3,100,0.255045871559633
jama_scenario1_3,lasso,True,non,3,100,0.187155963302752
jama_scenario1_3,lasso,True,qn,3,100,0.288073394495413
jama_scenario1_3,lasso,True,vsn,3,100,0.401834862385321
jama_scenario1_3,pam,True,mn,1,50,0.168498168498169
jama_scenario1_3,pam,True,non,1,50,0.194139194139194
jama_scenario1_3,pam,True,qn,1,50,0.192307692307692
jama_scenario1_3,pam,True,vsn,1,50,0.179487179487179
jama_scenario1_3,pam,True,mn,2,50,0.195970695970696
jama_scenario1_3,pam,True,non,2,50,0.214285714285714
jama_scenario1_3,pam,True,qn,2,50,0.192307692307692
jama_scenario1_3,pam,True,vsn,2,50,0.197802197802198
jama_scenario1_3,pam,True,mn,3,50,0.159340659340659
jama_scenario1_3,pam,True,non,3,50,0.205128205128205
jama_scenario1_3,pam,True,qn,3,50,0.159340659340659
jama_scenario1_3,pam,True,vsn,3,50,0.157509157509158
jama_scenario1_3,pam,True,mn,1,70,0.1996336996337
jama_scenario1_3,pam,True,non,1,70,0.201465201465201
jama_scenario1_3,pam,True,qn,1,70,0.201465201465201
jama_scenario1_3,pam,True,vsn,1,70,0.201465201465201
jama_scenario1_3,pam,True,mn,2,70,0.166666666666667
jama_scenario1_3,pam,True,non,2,70,0.194139194139194
jama_scenario1_3,pam,True,qn,2,70,0.172161172161172
jama_scenario1_3,pam,True,vsn,2,70,0.179487179487179
jama_scenario1_3,pam,True,mn,3,70,0.192307692307692
jama_scenario1_3,pam,True,non,3,70,0.192307692307692
jama_scenario1_3,pam,True,qn,3,70,0.203296703296703
jama_scenario1_3,pam,True,vsn,3,70,0.203296703296703
jama_scenario1_3,pam,True,mn,1,80,0.198165137614679
jama_scenario1_3,pam,True,non,1,80,0.201834862385321
jama_scenario1_3,pam,True,qn,1,80,0.2
jama_scenario1_3,pam,True,vsn,1,80,0.198165137614679
jama_scenario1_3,pam,True,mn,2,80,0.144954128440367
jama_scenario1_3,pam,True,non,2,80,0.190825688073395
jama_scenario1_3,pam,True,qn,2,80,0.168807339449541
jama_scenario1_3,pam,True,vsn,2,80,0.174311926605505
jama_scenario1_3,pam,True,mn,3,80,0.190825688073395
jama_scenario1_3,pam,True,non,3,80,0.198165137614679
jama_scenario1_3,pam,True,qn,3,80,0.207339449541284
jama_scenario1_3,pam,True,vsn,3,80,0.207339449541284
jama_scenario1_3,pam,True,mn,1,90,0.21978021978022
jama_scenario1_3,pam,True,non,1,90,0.203296703296703
jama_scenario1_3,pam,True,qn,1,90,0.208791208791209
jama_scenario1_3,pam,True,vsn,1,90,0.227106227106227
jama_scenario1_3,pam,True,mn,2,90,0.205128205128205
jama_scenario1_3,pam,True,non,2,90,0.192307692307692
jama_scenario1_3,pam,True,qn,2,90,0.186813186813187
jama_scenario1_3,pam,True,vsn,2,90,0.188644688644689
jama_scenario1_3,pam,True,mn,3,90,0.236263736263736
jama_scenario1_3,pam,True,non,3,90,0.355311355311355
jama_scenario1_3,pam,True,qn,3,90,0.247252747252747
jama_scenario1_3,pam,True,vsn,3,90,0.265567765567766
jama_scenario1_3,pam,True,mn,1,100,0.291743119266055
jama_scenario1_3,pam,True,non,1,100,0.414678899082569
jama_scenario1_3,pam,True,qn,1,100,0.278899082568807
jama_scenario1_3,pam,True,vsn,1,100,0.267889908256881
jama_scenario1_3,pam,True,mn,2,100,0.256880733944954
jama_scenario1_3,pam,True,non,2,100,0.185321100917431
jama_scenario1_3,pam,True,qn,2,100,0.205504587155963
jama_scenario1_3,pam,True,vsn,2,100,0.299082568807339
jama_scenario1_3,pam,True,mn,3,100,0.222018348623853
jama_scenario1_3,pam,True,non,3,100,0.412844036697248
jama_scenario1_3,pam,True,qn,3,100,0.211009174311927
jama_scenario1_3,pam,True,vsn,3,100,0.222018348623853
jama_scenario1_3,rf,True,mn,1,50,0.10989010989011
jama_scenario1_3,rf,True,non,1,50,0.124542124542125
jama_scenario1_3,rf,True,qn,1,50,0.133699633699634
jama_scenario1_3,rf,True,vsn,1,50,0.119047619047619
jama_scenario1_3,rf,True,mn,2,50,0.139194139194139
jama_scenario1_3,rf,True,non,2,50,0.153846153846154
jama_scenario1_3,rf,True,qn,2,50,0.146520146520147
jama_scenario1_3,rf,True,vsn,2,50,0.139194139194139
jama_scenario1_3,rf,True,mn,3,50,0.104395604395604
jama_scenario1_3,rf,True,non,3,50,0.124542124542125
jama_scenario1_3,rf,True,qn,3,50,0.106227106227106
jama_scenario1_3,rf,True,vsn,3,50,0.117216117216117
jama_scenario1_3,rf,True,mn,1,70,0.135531135531136
jama_scenario1_3,rf,True,non,1,70,0.133699633699634
jama_scenario1_3,rf,True,qn,1,70,0.126373626373626
jama_scenario1_3,rf,True,vsn,1,70,0.139194139194139
jama_scenario1_3,rf,True,mn,2,70,0.131868131868132
jama_scenario1_3,rf,True,non,2,70,0.124542124542125
jama_scenario1_3,rf,True,qn,2,70,0.13003663003663
jama_scenario1_3,rf,True,vsn,2,70,0.163003663003663
jama_scenario1_3,rf,True,mn,3,70,0.137362637362637
jama_scenario1_3,rf,True,non,3,70,0.117216117216117
jama_scenario1_3,rf,True,qn,3,70,0.128205128205128
jama_scenario1_3,rf,True,vsn,3,70,0.126373626373626
jama_scenario1_3,rf,True,mn,1,80,0.132110091743119
jama_scenario1_3,rf,True,non,1,80,0.143119266055046
jama_scenario1_3,rf,True,qn,1,80,0.152293577981651
jama_scenario1_3,rf,True,vsn,1,80,0.148623853211009
jama_scenario1_3,rf,True,mn,2,80,0.128440366972477
jama_scenario1_3,rf,True,non,2,80,0.121100917431193
jama_scenario1_3,rf,True,qn,2,80,0.132110091743119
jama_scenario1_3,rf,True,vsn,2,80,0.161467889908257
jama_scenario1_3,rf,True,mn,3,80,0.170642201834862
jama_scenario1_3,rf,True,non,3,80,0.157798165137615
jama_scenario1_3,rf,True,qn,3,80,0.157798165137615
jama_scenario1_3,rf,True,vsn,3,80,0.165137614678899
jama_scenario1_3,rf,True,mn,1,90,0.163003663003663
jama_scenario1_3,rf,True,non,1,90,0.188644688644689
jama_scenario1_3,rf,True,qn,1,90,0.184981684981685
jama_scenario1_3,rf,True,vsn,1,90,0.19047619047619
jama_scenario1_3,rf,True,mn,2,90,0.139194139194139
jama_scenario1_3,rf,True,non,2,90,0.153846153846154
jama_scenario1_3,rf,True,qn,2,90,0.155677655677656
jama_scenario1_3,rf,True,vsn,2,90,0.212454212454212
jama_scenario1_3,rf,True,mn,3,90,0.184981684981685
jama_scenario1_3,rf,True,non,3,90,0.164835164835165
jama_scenario1_3,rf,True,qn,3,90,0.179487179487179
jama_scenario1_3,rf,True,vsn,3,90,0.188644688644689
jama_scenario1_3,rf,True,mn,1,100,0.264220183486239
jama_scenario1_3,rf,True,non,1,100,0.212844036697248
jama_scenario1_3,rf,True,qn,1,100,0.256880733944954
jama_scenario1_3,rf,True,vsn,1,100,0.26605504587156
jama_scenario1_3,rf,True,mn,2,100,0.264220183486239
jama_scenario1_3,rf,True,non,2,100,0.188990825688073
jama_scenario1_3,rf,True,qn,2,100,0.326605504587156
jama_scenario1_3,rf,True,vsn,2,100,0.242201834862385
jama_scenario1_3,rf,True,mn,3,100,0.322935779816514
jama_scenario1_3,rf,True,non,3,100,0.177981651376147
jama_scenario1_3,rf,True,qn,3,100,0.258715596330275
jama_scenario1_3,rf,True,vsn,3,100,0.311926605504587
jama_scenario1_3,svm,True,mn,1,50,0.0897435897435897
jama_scenario1_3,svm,True,non,1,50,0.153846153846154
jama_scenario1_3,svm,True,qn,1,50,0.100732600732601
jama_scenario1_3,svm,True,vsn,1,50,0.0897435897435897
jama_scenario1_3,svm,True,mn,2,50,0.124542124542125
jama_scenario1_3,svm,True,non,2,50,0.181318681318681
jama_scenario1_3,svm,True,qn,2,50,0.152014652014652
jama_scenario1_3,svm,True,vsn,2,50,0.141025641025641
jama_scenario1_3,svm,True,mn,3,50,0.0824175824175824
jama_scenario1_3,svm,True,non,3,50,0.148351648351648
jama_scenario1_3,svm,True,qn,3,50,0.0952380952380952
jama_scenario1_3,svm,True,vsn,3,50,0.0860805860805861
jama_scenario1_3,svm,True,mn,1,70,0.111721611721612
jama_scenario1_3,svm,True,non,1,70,0.148351648351648
jama_scenario1_3,svm,True,qn,1,70,0.124542124542125
jama_scenario1_3,svm,True,vsn,1,70,0.120879120879121
jama_scenario1_3,svm,True,mn,2,70,0.108058608058608
jama_scenario1_3,svm,True,non,2,70,0.146520146520147
jama_scenario1_3,svm,True,qn,2,70,0.119047619047619
jama_scenario1_3,svm,True,vsn,2,70,0.126373626373626
jama_scenario1_3,svm,True,mn,3,70,0.102564102564103
jama_scenario1_3,svm,True,non,3,70,0.159340659340659
jama_scenario1_3,svm,True,qn,3,70,0.106227106227106
jama_scenario1_3,svm,True,vsn,3,70,0.102564102564103
jama_scenario1_3,svm,True,mn,1,80,0.108256880733945
jama_scenario1_3,svm,True,non,1,80,0.148623853211009
jama_scenario1_3,svm,True,qn,1,80,0.135779816513761
jama_scenario1_3,svm,True,vsn,1,80,0.132110091743119
jama_scenario1_3,svm,True,mn,2,80,0.111926605504587
jama_scenario1_3,svm,True,non,2,80,0.144954128440367
jama_scenario1_3,svm,True,qn,2,80,0.115596330275229
jama_scenario1_3,svm,True,vsn,2,80,0.124770642201835
jama_scenario1_3,svm,True,mn,3,80,0.132110091743119
jama_scenario1_3,svm,True,non,3,80,0.176146788990826
jama_scenario1_3,svm,True,qn,3,80,0.130275229357798
jama_scenario1_3,svm,True,vsn,3,80,0.121100917431193
jama_scenario1_3,svm,True,mn,1,90,0.172161172161172
jama_scenario1_3,svm,True,non,1,90,0.183150183150183
jama_scenario1_3,svm,True,qn,1,90,0.179487179487179
jama_scenario1_3,svm,True,vsn,1,90,0.173992673992674
jama_scenario1_3,svm,True,mn,2,90,0.15018315018315
jama_scenario1_3,svm,True,non,2,90,0.144688644688645
jama_scenario1_3,svm,True,qn,2,90,0.153846153846154
jama_scenario1_3,svm,True,vsn,2,90,0.161172161172161
jama_scenario1_3,svm,True,mn,3,90,0.142857142857143
jama_scenario1_3,svm,True,non,3,90,0.172161172161172
jama_scenario1_3,svm,True,qn,3,90,0.157509157509158
jama_scenario1_3,svm,True,vsn,3,90,0.146520146520147
jama_scenario1_3,svm,True,mn,1,100,0.23302752293578
jama_scenario1_3,svm,True,non,1,100,0.212844036697248
jama_scenario1_3,svm,True,qn,1,100,0.271559633027523
jama_scenario1_3,svm,True,vsn,1,100,0.24954128440367
jama_scenario1_3,svm,True,mn,2,100,0.225688073394495
jama_scenario1_3,svm,True,non,2,100,0.187155963302752
jama_scenario1_3,svm,True,qn,2,100,0.256880733944954
jama_scenario1_3,svm,True,vsn,2,100,0.238532110091743
jama_scenario1_3,svm,True,mn,3,100,0.328440366972477
jama_scenario1_3,svm,True,non,3,100,0.18348623853211
jama_scenario1_3,svm,True,qn,3,100,0.310091743119266
jama_scenario1_3,svm,True,vsn,3,100,0.262385321100917
jama_scenario1_3,xgb,True,mn,1,50,0.10989010989011
jama_scenario1_3,xgb,True,non,1,50,0.0842490842490843
jama_scenario1_3,xgb,True,qn,1,50,0.108058608058608
jama_scenario1_3,xgb,True,vsn,1,50,0.124542124542125
jama_scenario1_3,xgb,True,mn,2,50,0.122710622710623
jama_scenario1_3,xgb,True,non,2,50,0.131868131868132
jama_scenario1_3,xgb,True,qn,2,50,0.139194139194139
jama_scenario1_3,xgb,True,vsn,2,50,0.142857142857143
jama_scenario1_3,xgb,True,mn,3,50,0.117216117216117
jama_scenario1_3,xgb,True,non,3,50,0.122710622710623
jama_scenario1_3,xgb,True,qn,3,50,0.0952380952380952
jama_scenario1_3,xgb,True,vsn,3,50,0.117216117216117
jama_scenario1_3,xgb,True,mn,1,70,0.115384615384615
jama_scenario1_3,xgb,True,non,1,70,0.133699633699634
jama_scenario1_3,xgb,True,qn,1,70,0.117216117216117
jama_scenario1_3,xgb,True,vsn,1,70,0.142857142857143
jama_scenario1_3,xgb,True,mn,2,70,0.113553113553114
jama_scenario1_3,xgb,True,non,2,70,0.106227106227106
jama_scenario1_3,xgb,True,qn,2,70,0.108058608058608
jama_scenario1_3,xgb,True,vsn,2,70,0.124542124542125
jama_scenario1_3,xgb,True,mn,3,70,0.115384615384615
jama_scenario1_3,xgb,True,non,3,70,0.124542124542125
jama_scenario1_3,xgb,True,qn,3,70,0.133699633699634
jama_scenario1_3,xgb,True,vsn,3,70,0.113553113553114
jama_scenario1_3,xgb,True,mn,1,80,0.143119266055046
jama_scenario1_3,xgb,True,non,1,80,0.139449541284404
jama_scenario1_3,xgb,True,qn,1,80,0.124770642201835
jama_scenario1_3,xgb,True,vsn,1,80,0.15045871559633
jama_scenario1_3,xgb,True,mn,2,80,0.124770642201835
jama_scenario1_3,xgb,True,non,2,80,0.121100917431193
jama_scenario1_3,xgb,True,qn,2,80,0.102752293577982
jama_scenario1_3,xgb,True,vsn,2,80,0.122935779816514
jama_scenario1_3,xgb,True,mn,3,80,0.143119266055046
jama_scenario1_3,xgb,True,non,3,80,0.146788990825688
jama_scenario1_3,xgb,True,qn,3,80,0.157798165137615
jama_scenario1_3,xgb,True,vsn,3,80,0.143119266055046
jama_scenario1_3,xgb,True,mn,1,90,0.184981684981685
jama_scenario1_3,xgb,True,non,1,90,0.183150183150183
jama_scenario1_3,xgb,True,qn,1,90,0.194139194139194
jama_scenario1_3,xgb,True,vsn,1,90,0.186813186813187
jama_scenario1_3,xgb,True,mn,2,90,0.148351648351648
jama_scenario1_3,xgb,True,non,2,90,0.135531135531136
jama_scenario1_3,xgb,True,qn,2,90,0.157509157509158
jama_scenario1_3,xgb,True,vsn,2,90,0.175824175824176
jama_scenario1_3,xgb,True,mn,3,90,0.216117216117216
jama_scenario1_3,xgb,True,non,3,90,0.166666666666667
jama_scenario1_3,xgb,True,qn,3,90,0.19047619047619
jama_scenario1_3,xgb,True,vsn,3,90,0.177655677655678
jama_scenario1_3,xgb,True,mn,1,100,0.269724770642202
jama_scenario1_3,xgb,True,non,1,100,0.211009174311927
jama_scenario1_3,xgb,True,qn,1,100,0.28256880733945
jama_scenario1_3,xgb,True,vsn,1,100,0.231192660550459
jama_scenario1_3,xgb,True,mn,2,100,0.273394495412844
jama_scenario1_3,xgb,True,non,2,100,0.187155963302752
jama_scenario1_3,xgb,True,qn,2,100,0.280733944954128
jama_scenario1_3,xgb,True,vsn,2,100,0.223853211009174
jama_scenario1_3,xgb,True,mn,3,100,0.253211009174312
jama_scenario1_3,xgb,True,non,3,100,0.176146788990826
jama_scenario1_3,xgb,True,qn,3,100,0.278899082568807
jama_scenario1_3,xgb,True,vsn,3,100,0.306422018348624
