scenario,batch_balance,classifier,normalization,error_50,error_70,error_80,error_90,error_100,delta_100_50,relative_increase_pct,mean_error,sd_across_splits,range_error,step_50_70,step_70_80,step_80_90,step_90_100,max_jump,max_jump_interval,min_jump,largest_drop_interval,abs_max_step_change,abs_max_step_interval,slope,monotonic_increasing,monotonic_decreasing,trend_label,robustness_flag,spike_flag,spike_type,curve_shape,pattern_strength,degradation_type,pattern_sentence
jama_scenario1_3,True,knn,mn,0.1214896214896214,0.1275946275946273,0.1351681957186543,0.1788766788766786,0.3926605504587153,0.2711709289690939,223.20501590521414,0.19115793482765936,0.11487270362139224,0.2711709289690939,0.006105006105005903,0.007573568124026986,0.04370848315802431,0.21378387158203668,0.21378387158203668,90-100,0.006105006105005903,50-70,0.21378387158203668,90-100,0.004481704206474845,True,False,increasing,batch_sensitive,True,late_extreme_split_spike,monotonic_with_spike,strong,late_spike_driven,"For scenario jama_scenario1_3, knn with mn normalization shows increasing error from 0.121 at split=50 to 0.393 at split=100. The delta_100_50 is 0.271; robustness_flag=batch_sensitive, pattern_strength=strong, degradation_type=late_spike_driven, and spike_type=late_extreme_split_spike with the largest absolute step change at 90-100."
jama_scenario1_3,True,knn,non,0.1306471306471306,0.1349206349206346,0.1480122324159023,0.1733821733821733,0.2042813455657493,0.07363421491861871,56.36114207322313,0.15824870338631802,0.03065475898649115,0.07363421491861871,0.0042735042735040085,0.013091597495267698,0.025369940966270987,0.030899172183576018,0.030899172183576018,90-100,0.0042735042735040085,50-70,0.030899172183576018,90-100,0.0014414293313375916,True,False,increasing,moderately_sensitive,False,no_major_spike,gradual_monotonic_increase,weak,gradual_degradation,"For scenario jama_scenario1_3, knn with non normalization shows increasing error from 0.131 at split=50 to 0.204 at split=100. The delta_100_50 is 0.074; robustness_flag=moderately_sensitive, pattern_strength=weak, degradation_type=gradual_degradation, and spike_type=no_major_spike with the largest absolute step change at 90-100."
jama_scenario1_3,True,knn,qn,0.1178266178266179,0.134920634920635,0.1370030581039756,0.178876678876679,0.387767584097859,0.2699409662712411,229.10015686647287,0.1912789147651533,0.11211487064619845,0.2699409662712411,0.017094017094017103,0.0020824231833405926,0.0418736207727034,0.20889090522118,0.20889090522118,90-100,0.0020824231833405926,70-80,0.20889090522118,90-100,0.004441150496196361,True,False,increasing,batch_sensitive,True,late_extreme_split_spike,monotonic_with_spike,strong,late_spike_driven,"For scenario jama_scenario1_3, knn with qn normalization shows increasing error from 0.118 at split=50 to 0.388 at split=100. The delta_100_50 is 0.270; robustness_flag=batch_sensitive, pattern_strength=strong, degradation_type=late_spike_driven, and spike_type=late_extreme_split_spike with the largest absolute step change at 90-100."
jama_scenario1_3,True,knn,vsn,0.114774114774115,0.1300366300366303,0.1376146788990826,0.1794871794871793,0.420795107033639,0.30602099225952395,266.62892836228684,0.19654154204612923,0.12763395255213783,0.30602099225952395,0.015262515262515292,0.007578048862452308,0.04187250058809669,0.2413079275464597,0.2413079275464597,90-100,0.007578048862452308,70-80,0.2413079275464597,90-100,0.00502202676514602,True,False,increasing,batch_sensitive,True,late_extreme_split_spike,monotonic_with_spike,strong,late_spike_driven,"For scenario jama_scenario1_3, knn with vsn normalization shows increasing error from 0.115 at split=50 to 0.421 at split=100. The delta_100_50 is 0.306; robustness_flag=batch_sensitive, pattern_strength=strong, degradation_type=late_spike_driven, and spike_type=late_extreme_split_spike with the largest absolute step change at 90-100."
jama_scenario1_3,True,lasso,mn,0.111111111111111,0.1111111111111113,0.1333333333333333,0.1483516483516483,0.2201834862385319,0.1090723751274209,98.16513761467893,0.14481813802914717,0.04499069201548369,0.1090723751274209,3.0531133177191805e-16,0.022222222222222004,0.015018315018314993,0.0718318378868836,0.0718318378868836,90-100,3.0531133177191805e-16,50-70,0.0718318378868836,90-100,0.00195332644873929,True,False,increasing,batch_sensitive,False,no_major_spike,gradual_monotonic_increase,moderate,gradual_degradation,"For scenario jama_scenario1_3, lasso with mn normalization shows increasing error from 0.111 at split=50 to 0.220 at split=100. The delta_100_50 is 0.109; robustness_flag=batch_sensitive, pattern_strength=moderate, degradation_type=gradual_degradation, and spike_type=no_major_spike with the largest absolute step change at 90-100."
jama_scenario1_3,True,lasso,non,0.1098901098901096,0.1001221001221001,0.124770642201835,0.1355311355311353,0.1951070336391437,0.0852169237490341,77.54740061162124,0.13308420427686474,0.03723707988608979,0.0949849335170436,-0.009768009768009497,0.024648542079734895,0.010760493329300305,0.059575898108008396,0.059575898108008396,90-100,-0.009768009768009497,50-70,0.059575898108008396,90-100,0.0015475471438774228,False,False,increasing,moderately_sensitive,False,no_major_spike,non_monotonic_increase,weak,fluctuating,"For scenario jama_scenario1_3, lasso with non normalization shows increasing error from 0.110 at split=50 to 0.195 at split=100. The delta_100_50 is 0.085; robustness_flag=moderately_sensitive, pattern_strength=weak, degradation_type=fluctuating, and spike_type=no_major_spike with the largest absolute step change at 90-100."
jama_scenario1_3,True,lasso,qn,0.119047619047619,0.133699633699634,0.146788990825688,0.184981684981685,0.2440366972477063,0.1249890782000873,104.99082568807336,0.16571092516046645,0.05016601258444473,0.1249890782000873,0.014652014652015002,0.013089357126053996,0.03819269415599699,0.059055012266021306,0.059055012266021306,90-100,0.013089357126053996,70-80,0.059055012266021306,90-100,0.002350834552669413,True,False,increasing,batch_sensitive,False,no_major_spike,gradual_monotonic_increase,moderate,gradual_degradation,"For scenario jama_scenario1_3, lasso with qn normalization shows increasing error from 0.119 at split=50 to 0.244 at split=100. The delta_100_50 is 0.125; robustness_flag=batch_sensitive, pattern_strength=moderate, degradation_type=gradual_degradation, and spike_type=no_major_spike with the largest absolute step change at 90-100."
jama_scenario1_3,True,lasso,vsn,0.1135531135531136,0.1147741147741146,0.1467889908256883,0.1855921855921856,0.2801223241590216,0.166569210605908,146.68836934004153,0.16816614578082473,0.06915223741618957,0.166569210605908,0.0012210012210010085,0.0320148760515737,0.038803194766497295,0.09453013856683601,0.09453013856683601,90-100,0.0012210012210010085,50-70,0.09453013856683601,90-100,0.003098442731470259,True,False,increasing,batch_sensitive,False,no_major_spike,gradual_monotonic_increase,moderate,gradual_degradation,"For scenario jama_scenario1_3, lasso with vsn normalization shows increasing error from 0.114 at split=50 to 0.280 at split=100. The delta_100_50 is 0.167; robustness_flag=batch_sensitive, pattern_strength=moderate, degradation_type=gradual_degradation, and spike_type=no_major_spike with the largest absolute step change at 90-100."
jama_scenario1_3,True,pam,mn,0.1746031746031746,0.1862026862026863,0.177981651376147,0.2203907203907203,0.256880733944954,0.08227755934177938,47.12260216847365,0.2032117933035364,0.035070620095123343,0.08227755934177938,0.011599511599511697,-0.008221034826539297,0.04240906901457331,0.036490013554233675,0.04240906901457331,80-90,-0.008221034826539297,70-80,0.04240906901457331,80-90,0.0015361606187294238,False,False,increasing,moderately_sensitive,False,no_major_spike,non_monotonic_increase,weak,fluctuating,"For scenario jama_scenario1_3, pam with mn normalization shows increasing error from 0.175 at split=50 to 0.257 at split=100. The delta_100_50 is 0.082; robustness_flag=moderately_sensitive, pattern_strength=weak, degradation_type=fluctuating, and spike_type=no_major_spike with the largest absolute step change at 80-90."
jama_scenario1_3,True,pam,non,0.2045177045177043,0.1959706959706957,0.196941896024465,0.25030525030525,0.3376146788990826,0.1330969743813783,65.07846090647699,0.2370700451434395,0.06050511087313881,0.1416439829283869,-0.0085470085470086,0.0009712000537693,0.053363354280785036,0.08730942859383256,0.08730942859383256,90-100,-0.0085470085470086,50-70,0.08730942859383256,90-100,0.002385681376507068,False,False,increasing,batch_sensitive,False,no_major_spike,non_monotonic_increase,moderate,fluctuating,"For scenario jama_scenario1_3, pam with non normalization shows increasing error from 0.205 at split=50 to 0.338 at split=100. The delta_100_50 is 0.133; robustness_flag=batch_sensitive, pattern_strength=moderate, degradation_type=fluctuating, and spike_type=no_major_spike with the largest absolute step change at 90-100."
jama_scenario1_3,True,pam,qn,0.181318681318681,0.1923076923076919,0.1920489296636083,0.2142857142857143,0.2318042813455656,0.0504856000268846,27.843573348160643,0.20235305978425222,0.020367205733850785,0.0504856000268846,0.010989010989010894,-0.0002587626440836155,0.022236784622106015,0.017518567059851303,0.022236784622106015,80-90,-0.0002587626440836155,70-80,0.022236784622106015,80-90,0.0009728621655227214,False,False,flat_or_weak,moderately_sensitive,False,no_major_spike,mostly_flat,weak,fluctuating,"For scenario jama_scenario1_3, pam with qn normalization shows flat_or_weak error from 0.181 at split=50 to 0.232 at split=100. The delta_100_50 is 0.050; robustness_flag=moderately_sensitive, pattern_strength=weak, degradation_type=fluctuating, and spike_type=no_major_spike with the largest absolute step change at 80-90."
jama_scenario1_3,True,pam,vsn,0.1782661782661783,0.1947496947496943,0.1932721712538226,0.2271062271062273,0.2629969418960243,0.084730763629846,47.530476310167025,0.21127824265438938,0.03395790350325611,0.084730763629846,0.01648351648351601,-0.0014775234958717132,0.033834055852404704,0.035890714789796996,0.035890714789796996,90-100,-0.0014775234958717132,70-80,0.035890714789796996,90-100,0.0015866900270570005,False,False,increasing,moderately_sensitive,False,no_major_spike,non_monotonic_increase,weak,fluctuating,"For scenario jama_scenario1_3, pam with vsn normalization shows increasing error from 0.178 at split=50 to 0.263 at split=100. The delta_100_50 is 0.085; robustness_flag=moderately_sensitive, pattern_strength=weak, degradation_type=fluctuating, and spike_type=no_major_spike with the largest absolute step change at 90-100."
jama_scenario1_3,True,rf,mn,0.1178266178266176,0.134920634920635,0.1437308868501526,0.1623931623931623,0.283792048929664,0.16596543110304637,140.8556353092179,0.1685326701840463,0.0664048549834735,0.16596543110304637,0.017094017094017394,0.008810251929517593,0.0186622755430097,0.12139888653650169,0.12139888653650169,90-100,0.008810251929517593,70-80,0.12139888653650169,90-100,0.0027710097434868156,True,False,increasing,batch_sensitive,True,late_extreme_split_spike,monotonic_with_spike,moderate,late_spike_driven,"For scenario jama_scenario1_3, rf with mn normalization shows increasing error from 0.118 at split=50 to 0.284 at split=100. The delta_100_50 is 0.166; robustness_flag=batch_sensitive, pattern_strength=moderate, degradation_type=late_spike_driven, and spike_type=late_extreme_split_spike with the largest absolute step change at 90-100."
jama_scenario1_3,True,rf,non,0.1343101343101346,0.1251526251526253,0.140672782874618,0.1691086691086693,0.1932721712538226,0.058962036943687984,43.89991659716396,0.15250327653997395,0.02809293049159711,0.0681195461011973,-0.00915750915750932,0.015520157721992722,0.0284358862340513,0.02416350214515328,0.0284358862340513,80-90,-0.00915750915750932,50-70,0.0284358862340513,80-90,0.0012167112167112118,False,False,increasing,moderately_sensitive,False,no_major_spike,non_monotonic_increase,weak,fluctuating,"For scenario jama_scenario1_3, rf with non normalization shows increasing error from 0.134 at split=50 to 0.193 at split=100. The delta_100_50 is 0.059; robustness_flag=moderately_sensitive, pattern_strength=weak, degradation_type=fluctuating, and spike_type=no_major_spike with the largest absolute step change at 80-90."
jama_scenario1_3,True,rf,qn,0.128815628815629,0.128205128205128,0.1474006116207949,0.1733821733821733,0.2807339449541283,0.1519183161384993,117.93469281273057,0.1717074973955707,0.06366428358669321,0.1525288167490003,-0.0006105006105009969,0.019195483415666903,0.02598156176137839,0.107351771571955,0.107351771571955,90-100,-0.0006105006105009969,50-70,0.107351771571955,90-100,0.002648010446175578,False,False,increasing,batch_sensitive,True,late_extreme_split_spike,non_monotonic_increase,moderate,late_spike_driven,"For scenario jama_scenario1_3, rf with qn normalization shows increasing error from 0.129 at split=50 to 0.281 at split=100. The delta_100_50 is 0.152; robustness_flag=batch_sensitive, pattern_strength=moderate, degradation_type=late_spike_driven, and spike_type=late_extreme_split_spike with the largest absolute step change at 90-100."
jama_scenario1_3,True,rf,vsn,0.125152625152625,0.1428571428571426,0.1584097859327216,0.197191697191697,0.273394495412844,0.14824187026021898,118.4488699932873,0.17940114930940604,0.05888602725362082,0.14824187026021898,0.017704517704517586,0.015552643075578992,0.0387819112589754,0.076202798221147,0.076202798221147,90-100,0.015552643075578992,70-80,0.076202798221147,90-100,0.002736937966295766,True,False,increasing,batch_sensitive,False,no_major_spike,gradual_monotonic_increase,moderate,gradual_degradation,"For scenario jama_scenario1_3, rf with vsn normalization shows increasing error from 0.125 at split=50 to 0.273 at split=100. The delta_100_50 is 0.148; robustness_flag=batch_sensitive, pattern_strength=moderate, degradation_type=gradual_degradation, and spike_type=no_major_spike with the largest absolute step change at 90-100."
jama_scenario1_3,True,svm,mn,0.098901098901099,0.1074481074481076,0.1174311926605503,0.155067155067155,0.2623853211009173,0.16348422219981829,165.3007135575939,0.14824657503556582,0.06731131485247972,0.16348422219981829,0.0085470085470086,0.009983085212442705,0.03763596240660469,0.10731816603376229,0.10731816603376229,90-100,0.0085470085470086,50-70,0.10731816603376229,90-100,0.002864411946980749,True,False,increasing,batch_sensitive,True,late_extreme_split_spike,monotonic_with_spike,moderate,late_spike_driven,"For scenario jama_scenario1_3, svm with mn normalization shows increasing error from 0.099 at split=50 to 0.262 at split=100. The delta_100_50 is 0.163; robustness_flag=batch_sensitive, pattern_strength=moderate, degradation_type=late_spike_driven, and spike_type=late_extreme_split_spike with the largest absolute step change at 90-100."
jama_scenario1_3,True,svm,non,0.161172161172161,0.1514041514041513,0.1565749235474006,0.1666666666666666,0.1944954128440366,0.03332325167187561,20.675562969141026,0.16606266312688323,0.016864105775114848,0.04309126143988529,-0.009768009768009678,0.0051707721432492915,0.010091743119266,0.027828746177369995,0.027828746177369995,90-100,-0.009768009768009678,50-70,0.027828746177369995,90-100,0.0005864832470337067,False,False,flat_or_weak,moderately_sensitive,False,no_major_spike,mostly_flat,weak,fluctuating,"For scenario jama_scenario1_3, svm with non normalization shows flat_or_weak error from 0.161 at split=50 to 0.194 at split=100. The delta_100_50 is 0.033; robustness_flag=moderately_sensitive, pattern_strength=weak, degradation_type=fluctuating, and spike_type=no_major_spike with the largest absolute step change at 90-100."
jama_scenario1_3,True,svm,qn,0.115995115995116,0.1166056166056166,0.1272171253822626,0.1636141636141636,0.2795107033639143,0.16351558736879832,140.96764847899559,0.16058854499221464,0.06926102379006624,0.16351558736879832,0.0006105006105005945,0.010611508776646003,0.03639703823190099,0.11589653974975073,0.11589653974975073,90-100,0.0006105006105005945,50-70,0.11589653974975073,90-100,0.002828602369886772,True,False,increasing,batch_sensitive,True,late_extreme_split_spike,monotonic_with_spike,moderate,late_spike_driven,"For scenario jama_scenario1_3, svm with qn normalization shows increasing error from 0.116 at split=50 to 0.280 at split=100. The delta_100_50 is 0.164; robustness_flag=batch_sensitive, pattern_strength=moderate, degradation_type=late_spike_driven, and spike_type=late_extreme_split_spike with the largest absolute step change at 90-100."
jama_scenario1_3,True,svm,vsn,0.1056166056166055,0.1166056166056166,0.1259938837920489,0.1605616605616606,0.2501529051987767,0.14453629958217118,136.84997613618305,0.15178613435494168,0.05871023307009186,0.14453629958217118,0.010989010989011089,0.009388267186432306,0.0345677767696117,0.0895912446371161,0.0895912446371161,90-100,0.009388267186432306,70-80,0.0895912446371161,90-100,0.0025621498098562334,True,False,increasing,batch_sensitive,False,no_major_spike,gradual_monotonic_increase,moderate,gradual_degradation,"For scenario jama_scenario1_3, svm with vsn normalization shows increasing error from 0.106 at split=50 to 0.250 at split=100. The delta_100_50 is 0.145; robustness_flag=batch_sensitive, pattern_strength=moderate, degradation_type=gradual_degradation, and spike_type=no_major_spike with the largest absolute step change at 90-100."
jama_scenario1_3,True,xgb,mn,0.1166056166056166,0.1147741147741146,0.1370030581039756,0.1831501831501829,0.2654434250764526,0.148837808470836,127.64205773572219,0.16339527954206845,0.06335203192698194,0.150669310302338,-0.0018315018315019915,0.022228943329860987,0.0461471250462073,0.08229324192626969,0.08229324192626969,90-100,-0.0018315018315019915,50-70,0.08229324192626969,90-100,0.002789468569285082,False,False,increasing,batch_sensitive,False,no_major_spike,non_monotonic_increase,moderate,fluctuating,"For scenario jama_scenario1_3, xgb with mn normalization shows increasing error from 0.117 at split=50 to 0.265 at split=100. The delta_100_50 is 0.149; robustness_flag=batch_sensitive, pattern_strength=moderate, degradation_type=fluctuating, and spike_type=no_major_spike with the largest absolute step change at 90-100."
jama_scenario1_3,True,xgb,non,0.1129426129426131,0.1214896214896216,0.1357798165137616,0.1617826617826619,0.1914373088685016,0.07849469592588851,69.49962806843524,0.14468640431943197,0.03202739228525235,0.07849469592588851,0.008547008547008503,0.014290195024139987,0.026002845268900315,0.029654647085839703,0.029654647085839703,90-100,0.008547008547008503,50-70,0.029654647085839703,90-100,0.0015474744832542988,True,False,increasing,moderately_sensitive,False,no_major_spike,gradual_monotonic_increase,weak,gradual_degradation,"For scenario jama_scenario1_3, xgb with non normalization shows increasing error from 0.113 at split=50 to 0.191 at split=100. The delta_100_50 is 0.078; robustness_flag=moderately_sensitive, pattern_strength=weak, degradation_type=gradual_degradation, and spike_type=no_major_spike with the largest absolute step change at 90-100."
jama_scenario1_3,True,xgb,qn,0.114163614163614,0.1196581196581196,0.1284403669724773,0.1807081807081806,0.2807339449541283,0.1665703307905143,145.90492076730632,0.16474084529130395,0.07003140037679757,0.1665703307905143,0.0054945054945056,0.0087822473143577,0.0522678137357033,0.1000257642459477,0.1000257642459477,90-100,0.0054945054945056,50-70,0.1000257642459477,90-100,0.003005188876748511,True,False,increasing,batch_sensitive,True,late_extreme_split_spike,monotonic_with_spike,moderate,late_spike_driven,"For scenario jama_scenario1_3, xgb with qn normalization shows increasing error from 0.114 at split=50 to 0.281 at split=100. The delta_100_50 is 0.167; robustness_flag=batch_sensitive, pattern_strength=moderate, degradation_type=late_spike_driven, and spike_type=late_extreme_split_spike with the largest absolute step change at 90-100."
jama_scenario1_3,True,xgb,vsn,0.1282051282051283,0.1269841269841273,0.1388379204892966,0.1800976800976803,0.253822629969419,0.1256175017642907,97.98165137614667,0.1655894971491303,0.05384975766068133,0.1268385029852917,-0.0012210012210009946,0.011853793505169297,0.041259759608383684,0.07372494987173872,0.07372494987173872,90-100,-0.0012210012210009946,50-70,0.07372494987173872,90-100,0.0023090062539603815,False,False,increasing,batch_sensitive,False,no_major_spike,non_monotonic_increase,moderate,fluctuating,"For scenario jama_scenario1_3, xgb with vsn normalization shows increasing error from 0.128 at split=50 to 0.254 at split=100. The delta_100_50 is 0.126; robustness_flag=batch_sensitive, pattern_strength=moderate, degradation_type=fluctuating, and spike_type=no_major_spike with the largest absolute step change at 90-100."
